year,era,team,position,finish,reached,matches,wins,draws,losses,goals_for,goals_against,gf_pg,ga_pg,gd_pg,note
1930,1930-1958,Uruguay,1.0,Champion,Final,4,4,0,0,15,3,3.75,0.75,3.0,"The very first champions, on home soil."
1930,1930-1958,Argentina,2.0,Runner-up,Final,5,4,0,1,18,9,3.6,1.8,1.8,
1930,1930-1958,United States,3.0,Third,Semi-finals,3,2,0,1,7,6,2.333,2.0,0.333,
1930,1930-1958,Yugoslavia,4.0,Field,Semi-finals,3,2,0,1,7,7,2.333,2.333,0.0,
1930,1930-1958,Belgium,,Field,Group stage,2,0,0,2,0,4,0.0,2.0,-2.0,
1930,1930-1958,Bolivia,,Field,Group stage,2,0,0,2,0,8,0.0,4.0,-4.0,
1930,1930-1958,Brazil,,Field,Group stage,2,1,0,1,5,2,2.5,1.0,1.5,
1930,1930-1958,Chile,,Field,Group stage,3,2,0,1,5,3,1.667,1.0,0.667,
1930,1930-1958,France,,Field,Group stage,3,1,0,2,4,3,1.333,1.0,0.333,
1930,1930-1958,Mexico,,Field,Group stage,3,0,0,3,4,13,1.333,4.333,-3.0,
1930,1930-1958,Paraguay,,Field,Group stage,2,1,0,1,1,3,0.5,1.5,-1.0,
1930,1930-1958,Peru,,Field,Group stage,2,0,0,2,1,4,0.5,2.0,-1.5,
1930,1930-1958,Romania,,Field,Group stage,2,1,0,1,3,5,1.5,2.5,-1.0,
1934,1930-1958,Italy,1.0,Champion,Final,4,3,1,0,11,3,2.75,0.75,2.0,
1934,1930-1958,Czechoslovakia,2.0,Runner-up,Final,4,3,0,1,9,6,2.25,1.5,0.75,
1934,1930-1958,Germany,3.0,Third,Semi-finals,4,3,0,1,11,8,2.75,2.0,0.75,
1934,1930-1958,Austria,4.0,Field,Semi-finals,4,2,0,2,7,7,1.75,1.75,0.0,
1934,1930-1958,Argentina,,Field,Round of 16,1,0,0,1,2,3,2.0,3.0,-1.0,
1934,1930-1958,Belgium,,Field,Round of 16,1,0,0,1,2,5,2.0,5.0,-3.0,
1934,1930-1958,Brazil,,Field,Round of 16,1,0,0,1,1,3,1.0,3.0,-2.0,
1934,1930-1958,Egypt,,Field,Round of 16,1,0,0,1,2,4,2.0,4.0,-2.0,
1934,1930-1958,France,,Field,Round of 16,1,0,0,1,2,3,2.0,3.0,-1.0,
1934,1930-1958,Hungary,,Field,Quarter-finals,2,1,0,1,5,4,2.5,2.0,0.5,
1934,1930-1958,Netherlands,,Field,Round of 16,1,0,0,1,2,3,2.0,3.0,-1.0,
1934,1930-1958,Romania,,Field,Round of 16,1,0,0,1,1,2,1.0,2.0,-1.0,
1934,1930-1958,Spain,,Field,Quarter-finals,2,1,1,0,4,2,2.0,1.0,1.0,
1934,1930-1958,Sweden,,Field,Quarter-finals,2,1,0,1,4,4,2.0,2.0,0.0,
1934,1930-1958,Switzerland,,Field,Quarter-finals,2,1,0,1,5,5,2.5,2.5,0.0,
1934,1930-1958,United States,,Field,Round of 16,1,0,0,1,1,7,1.0,7.0,-6.0,
1938,1930-1958,Italy,1.0,Champion,Final,4,4,0,0,11,5,2.75,1.25,1.5,
1938,1930-1958,Hungary,2.0,Runner-up,Final,4,3,0,1,15,5,3.75,1.25,2.5,
1938,1930-1958,Brazil,3.0,Third,Semi-finals,4,2,1,1,12,10,3.0,2.5,0.5,
1938,1930-1958,Sweden,4.0,Field,Semi-finals,3,1,0,2,11,9,3.667,3.0,0.667,
1938,1930-1958,Belgium,,Field,Round of 16,1,0,0,1,1,3,1.0,3.0,-2.0,
1938,1930-1958,Cuba,,Field,Quarter-finals,2,0,1,1,3,11,1.5,5.5,-4.0,
1938,1930-1958,Czechoslovakia,,Field,Quarter-finals,2,1,1,0,4,1,2.0,0.5,1.5,
1938,1930-1958,Dutch East Indies,,Field,Round of 16,1,0,0,1,0,6,0.0,6.0,-6.0,
1938,1930-1958,France,,Field,Quarter-finals,2,1,0,1,4,4,2.0,2.0,0.0,
1938,1930-1958,Germany,,Field,Round of 16,1,0,1,0,1,1,1.0,1.0,0.0,
1938,1930-1958,Netherlands,,Field,Round of 16,1,0,0,1,0,3,0.0,3.0,-3.0,
1938,1930-1958,Norway,,Field,Round of 16,1,0,0,1,1,2,1.0,2.0,-1.0,
1938,1930-1958,Poland,,Field,Round of 16,1,0,0,1,5,6,5.0,6.0,-1.0,
1938,1930-1958,Romania,,Field,Round of 16,1,0,1,0,3,3,3.0,3.0,0.0,
1938,1930-1958,Switzerland,,Field,Quarter-finals,2,0,1,1,1,3,0.5,1.5,-1.0,
1950,1930-1958,Uruguay,1.0,Champion,Final round,4,3,1,0,15,5,3.75,1.25,2.5,
1950,1930-1958,Brazil,2.0,Runner-up,Final round,6,4,1,1,22,6,3.667,1.0,2.667,
1950,1930-1958,Sweden,3.0,Third,Final round,5,2,1,2,11,15,2.2,3.0,-0.8,
1950,1930-1958,Spain,4.0,Field,Final round,6,3,1,2,10,12,1.667,2.0,-0.333,
1950,1930-1958,Bolivia,,Field,Group stage,1,0,0,1,0,8,0.0,8.0,-8.0,
1950,1930-1958,Chile,,Field,Group stage,3,1,0,2,5,6,1.667,2.0,-0.333,
1950,1930-1958,England,,Field,Group stage,3,1,0,2,2,2,0.667,0.667,0.0,
1950,1930-1958,Italy,,Field,Group stage,2,1,0,1,4,3,2.0,1.5,0.5,
1950,1930-1958,Mexico,,Field,Group stage,3,0,0,3,2,10,0.667,3.333,-2.666,
1950,1930-1958,Paraguay,,Field,Group stage,2,0,1,1,2,4,1.0,2.0,-1.0,
1950,1930-1958,Switzerland,,Field,Group stage,3,1,1,1,4,6,1.333,2.0,-0.667,
1950,1930-1958,United States,,Field,Group stage,3,1,0,2,4,8,1.333,2.667,-1.334,
1950,1930-1958,Yugoslavia,,Field,Group stage,3,2,0,1,7,3,2.333,1.0,1.333,
1954,1930-1958,West Germany,1.0,Champion,Final,6,5,0,1,25,14,4.167,2.333,1.834,The Miracle of Bern: the rare run-and-gun champion.
1954,1930-1958,Hungary,2.0,Runner-up,Final,5,4,0,1,27,10,5.4,2.0,3.4,The Mighty Magyars scored more than anyone — and still lost the final to West Germany.
1954,1930-1958,Austria,3.0,Third,Semi-finals,5,4,0,1,17,12,3.4,2.4,1.0,
1954,1930-1958,Uruguay,4.0,Field,Semi-finals,5,3,0,2,16,9,3.2,1.8,1.4,
1954,1930-1958,Belgium,,Field,Group stage,2,0,1,1,5,8,2.5,4.0,-1.5,
1954,1930-1958,Brazil,,Field,Quarter-finals,3,1,1,1,8,5,2.667,1.667,1.0,
1954,1930-1958,Czechoslovakia,,Field,Group stage,2,0,0,2,0,7,0.0,3.5,-3.5,
1954,1930-1958,England,,Field,Quarter-finals,3,1,1,1,8,8,2.667,2.667,0.0,
1954,1930-1958,France,,Field,Group stage,2,1,0,1,3,3,1.5,1.5,0.0,
1954,1930-1958,Italy,,Field,Group stage,3,1,0,2,6,7,2.0,2.333,-0.333,
1954,1930-1958,Mexico,,Field,Group stage,2,0,0,2,2,8,1.0,4.0,-3.0,
1954,1930-1958,Scotland,,Field,Group stage,2,0,0,2,0,8,0.0,4.0,-4.0,
1954,1930-1958,South Korea,,Field,Group stage,2,0,0,2,0,16,0.0,8.0,-8.0,
1954,1930-1958,Switzerland,,Field,Quarter-finals,4,2,0,2,11,11,2.75,2.75,0.0,
1954,1930-1958,Turkey,,Field,Group stage,3,1,0,2,10,11,3.333,3.667,-0.334,
1954,1930-1958,Yugoslavia,,Field,Quarter-finals,3,1,1,1,2,3,0.667,1.0,-0.333,
1958,1930-1958,Brazil,1.0,Champion,Final,6,5,1,0,16,4,2.667,0.667,2.0,
1958,1930-1958,Sweden,2.0,Runner-up,Final,6,4,1,1,12,7,2.0,1.167,0.833,
1958,1930-1958,France,3.0,Third,Semi-finals,6,4,0,2,23,15,3.833,2.5,1.333,
1958,1930-1958,West Germany,4.0,Field,Semi-finals,6,2,2,2,12,14,2.0,2.333,-0.333,
1958,1930-1958,Argentina,,Field,Group stage,3,1,0,2,5,10,1.667,3.333,-1.666,
1958,1930-1958,Austria,,Field,Group stage,3,0,1,2,2,7,0.667,2.333,-1.666,
1958,1930-1958,Czechoslovakia,,Field,Group stage,4,1,1,2,9,6,2.25,1.5,0.75,
1958,1930-1958,England,,Field,Group stage,4,0,3,1,4,5,1.0,1.25,-0.25,
1958,1930-1958,Hungary,,Field,Group stage,4,1,1,2,7,5,1.75,1.25,0.5,
1958,1930-1958,Mexico,,Field,Group stage,3,0,1,2,1,8,0.333,2.667,-2.334,
1958,1930-1958,Northern Ireland,,Field,Quarter-finals,5,2,1,2,6,10,1.2,2.0,-0.8,
1958,1930-1958,Paraguay,,Field,Group stage,3,1,1,1,9,12,3.0,4.0,-1.0,
1958,1930-1958,Scotland,,Field,Group stage,3,0,1,2,4,6,1.333,2.0,-0.667,
1958,1930-1958,Soviet Union,,Field,Quarter-finals,5,2,1,2,5,6,1.0,1.2,-0.2,
1958,1930-1958,Wales,,Field,Quarter-finals,5,1,3,1,4,4,0.8,0.8,0.0,
1958,1930-1958,Yugoslavia,,Field,Quarter-finals,4,1,2,1,7,7,1.75,1.75,0.0,
1962,1962-1982,Brazil,1.0,Champion,Final,6,5,1,0,14,5,2.333,0.833,1.5,
1962,1962-1982,Czechoslovakia,2.0,Runner-up,Final,6,3,1,2,7,7,1.167,1.167,0.0,
1962,1962-1982,Chile,3.0,Third,Semi-finals,6,4,0,2,10,8,1.667,1.333,0.334,
1962,1962-1982,Yugoslavia,4.0,Field,Semi-finals,6,3,0,3,10,7,1.667,1.167,0.5,
1962,1962-1982,Argentina,,Field,Group stage,3,1,1,1,2,3,0.667,1.0,-0.333,
1962,1962-1982,Bulgaria,,Field,Group stage,3,0,1,2,1,7,0.333,2.333,-2.0,
1962,1962-1982,Colombia,,Field,Group stage,3,0,1,2,5,11,1.667,3.667,-2.0,
1962,1962-1982,England,,Field,Quarter-finals,4,1,1,2,5,6,1.25,1.5,-0.25,
1962,1962-1982,Hungary,,Field,Quarter-finals,4,2,1,1,8,3,2.0,0.75,1.25,
1962,1962-1982,Italy,,Field,Group stage,3,1,1,1,3,2,1.0,0.667,0.333,
1962,1962-1982,Mexico,,Field,Group stage,3,1,0,2,3,4,1.0,1.333,-0.333,
1962,1962-1982,Soviet Union,,Field,Quarter-finals,4,2,1,1,9,7,2.25,1.75,0.5,
1962,1962-1982,Spain,,Field,Group stage,3,1,0,2,2,3,0.667,1.0,-0.333,
1962,1962-1982,Switzerland,,Field,Group stage,3,0,0,3,2,8,0.667,2.667,-2.0,
1962,1962-1982,Uruguay,,Field,Group stage,3,1,0,2,4,6,1.333,2.0,-0.667,
1962,1962-1982,West Germany,,Field,Quarter-finals,4,2,1,1,4,2,1.0,0.5,0.5,
1966,1962-1982,England,1.0,Champion,Final,6,5,1,0,11,3,1.833,0.5,1.333,
1966,1962-1982,West Germany,2.0,Runner-up,Final,6,4,1,1,15,6,2.5,1.0,1.5,
1966,1962-1982,Portugal,3.0,Third,Semi-finals,6,5,0,1,17,8,2.833,1.333,1.5,
1966,1962-1982,Soviet Union,4.0,Field,Semi-finals,6,4,0,2,10,6,1.667,1.0,0.667,
1966,1962-1982,Argentina,,Field,Quarter-finals,4,2,1,1,4,2,1.0,0.5,0.5,
1966,1962-1982,Brazil,,Field,Group stage,3,1,0,2,4,6,1.333,2.0,-0.667,
1966,1962-1982,Bulgaria,,Field,Group stage,3,0,0,3,1,8,0.333,2.667,-2.334,
1966,1962-1982,Chile,,Field,Group stage,3,0,1,2,2,5,0.667,1.667,-1.0,
1966,1962-1982,France,,Field,Group stage,3,0,1,2,2,5,0.667,1.667,-1.0,
1966,1962-1982,Hungary,,Field,Quarter-finals,4,2,0,2,8,7,2.0,1.75,0.25,
1966,1962-1982,Italy,,Field,Group stage,3,1,0,2,2,2,0.667,0.667,0.0,
1966,1962-1982,Mexico,,Field,Group stage,3,0,2,1,1,3,0.333,1.0,-0.667,
1966,1962-1982,North Korea,,Field,Quarter-finals,4,1,1,2,5,9,1.25,2.25,-1.0,
1966,1962-1982,Spain,,Field,Group stage,3,1,0,2,4,5,1.333,1.667,-0.334,
1966,1962-1982,Switzerland,,Field,Group stage,3,0,0,3,1,9,0.333,3.0,-2.667,
1966,1962-1982,Uruguay,,Field,Quarter-finals,4,1,2,1,2,5,0.5,1.25,-0.75,
1970,1962-1982,Brazil,1.0,Champion,Final,6,6,0,0,19,7,3.167,1.167,2.0,"Pele's side — the total package, elite at both ends."
1970,1962-1982,Italy,2.0,Runner-up,Final,6,3,2,1,10,8,1.667,1.333,0.334,
1970,1962-1982,West Germany,3.0,Third,Semi-finals,6,5,0,1,17,10,2.833,1.667,1.166,
1970,1962-1982,Uruguay,4.0,Field,Semi-finals,6,2,1,3,4,5,0.667,0.833,-0.166,
1970,1962-1982,Belgium,,Field,Group stage,3,1,0,2,4,5,1.333,1.667,-0.334,
1970,1962-1982,Bulgaria,,Field,Group stage,3,0,1,2,5,9,1.667,3.0,-1.333,
1970,1962-1982,Czechoslovakia,,Field,Group stage,3,0,0,3,2,7,0.667,2.333,-1.666,
1970,1962-1982,El Salvador,,Field,Group stage,3,0,0,3,0,9,0.0,3.0,-3.0,
1970,1962-1982,England,,Field,Quarter-finals,4,2,0,2,4,4,1.0,1.0,0.0,
1970,1962-1982,Israel,,Field,Group stage,3,0,2,1,1,3,0.333,1.0,-0.667,
1970,1962-1982,Mexico,,Field,Quarter-finals,4,2,1,1,6,4,1.5,1.0,0.5,
1970,1962-1982,Morocco,,Field,Group stage,3,0,1,2,2,6,0.667,2.0,-1.333,
1970,1962-1982,Peru,,Field,Quarter-finals,4,2,0,2,9,9,2.25,2.25,0.0,
1970,1962-1982,Romania,,Field,Group stage,3,1,0,2,4,5,1.333,1.667,-0.334,
1970,1962-1982,Soviet Union,,Field,Quarter-finals,4,2,1,1,6,2,1.5,0.5,1.0,
1970,1962-1982,Sweden,,Field,Group stage,3,1,1,1,2,2,0.667,0.667,0.0,
1974,1962-1982,West Germany,1.0,Champion,Final,7,6,0,1,13,4,1.857,0.571,1.286,
1974,1962-1982,Netherlands,2.0,Runner-up,Final,7,5,1,1,15,3,2.143,0.429,1.714,"Total Football dazzled, outscored everyone, lost the final."
1974,1962-1982,Poland,3.0,Third,Semi-finals,7,6,0,1,16,5,2.286,0.714,1.572,
1974,1962-1982,Brazil,4.0,Field,Semi-finals,7,3,2,2,6,4,0.857,0.571,0.286,
1974,1962-1982,Argentina,,Field,2nd group stage,6,1,2,3,9,12,1.5,2.0,-0.5,
1974,1962-1982,Australia,,Field,Group stage,3,0,1,2,0,5,0.0,1.667,-1.667,
1974,1962-1982,Bulgaria,,Field,Group stage,3,0,2,1,2,5,0.667,1.667,-1.0,
1974,1962-1982,Chile,,Field,Group stage,3,0,2,1,1,2,0.333,0.667,-0.334,
1974,1962-1982,East Germany,,Field,2nd group stage,6,2,2,2,5,5,0.833,0.833,0.0,
1974,1962-1982,Haiti,,Field,Group stage,3,0,0,3,2,14,0.667,4.667,-4.0,
1974,1962-1982,Italy,,Field,Group stage,3,1,1,1,5,4,1.667,1.333,0.334,
1974,1962-1982,Scotland,,Field,Group stage,3,1,2,0,3,1,1.0,0.333,0.667,
1974,1962-1982,Sweden,,Field,2nd group stage,6,2,2,2,7,6,1.167,1.0,0.167,
1974,1962-1982,Uruguay,,Field,Group stage,3,0,1,2,1,6,0.333,2.0,-1.667,
1974,1962-1982,Yugoslavia,,Field,2nd group stage,6,1,2,3,12,7,2.0,1.167,0.833,
1974,1962-1982,Zaire,,Field,Group stage,3,0,0,3,0,14,0.0,4.667,-4.667,
1978,1962-1982,Argentina,1.0,Champion,Final,7,5,1,1,15,4,2.143,0.571,1.572,
1978,1962-1982,Netherlands,2.0,Runner-up,Final,7,3,2,2,15,10,2.143,1.429,0.714,
1978,1962-1982,Brazil,3.0,Third,Semi-finals,7,4,3,0,10,3,1.429,0.429,1.0,
1978,1962-1982,Italy,4.0,Field,Semi-finals,7,4,1,2,9,6,1.286,0.857,0.429,
1978,1962-1982,Austria,,Field,2nd group stage,6,3,0,3,7,10,1.167,1.667,-0.5,
1978,1962-1982,France,,Field,Group stage,3,1,0,2,5,5,1.667,1.667,0.0,
1978,1962-1982,Hungary,,Field,Group stage,3,0,0,3,3,8,1.0,2.667,-1.667,
1978,1962-1982,Iran,,Field,Group stage,3,0,1,2,2,8,0.667,2.667,-2.0,
1978,1962-1982,Mexico,,Field,Group stage,3,0,0,3,2,12,0.667,4.0,-3.333,
1978,1962-1982,Peru,,Field,2nd group stage,6,2,1,3,7,12,1.167,2.0,-0.833,
1978,1962-1982,Poland,,Field,2nd group stage,6,3,1,2,6,6,1.0,1.0,0.0,
1978,1962-1982,Scotland,,Field,Group stage,3,1,1,1,5,6,1.667,2.0,-0.333,
1978,1962-1982,Spain,,Field,Group stage,3,1,1,1,2,2,0.667,0.667,0.0,
1978,1962-1982,Sweden,,Field,Group stage,3,0,1,2,1,3,0.333,1.0,-0.667,
1978,1962-1982,Tunisia,,Field,Group stage,3,1,1,1,3,2,1.0,0.667,0.333,
1978,1962-1982,West Germany,,Field,2nd group stage,6,1,4,1,10,5,1.667,0.833,0.834,
1982,1962-1982,Italy,1.0,Champion,Final,7,4,3,0,12,6,1.714,0.857,0.857,
1982,1962-1982,West Germany,2.0,Runner-up,Final,7,4,1,2,12,10,1.714,1.429,0.285,
1982,1962-1982,Poland,3.0,Third,Semi-finals,7,3,3,1,11,5,1.571,0.714,0.857,
1982,1962-1982,France,4.0,Field,Semi-finals,7,3,1,3,16,12,2.286,1.714,0.572,
1982,1962-1982,Algeria,,Field,Group stage,3,2,0,1,5,5,1.667,1.667,0.0,
1982,1962-1982,Argentina,,Field,2nd group stage,5,2,0,3,8,7,1.6,1.4,0.2,
1982,1962-1982,Austria,,Field,2nd group stage,5,2,1,2,5,4,1.0,0.8,0.2,
1982,1962-1982,Belgium,,Field,2nd group stage,5,2,1,2,3,5,0.6,1.0,-0.4,
1982,1962-1982,Brazil,,Field,2nd group stage,5,4,0,1,15,6,3.0,1.2,1.8,"Beautiful, prolific, and knocked out — the cautionary tale."
1982,1962-1982,Cameroon,,Field,Group stage,3,0,3,0,1,1,0.333,0.333,0.0,
1982,1962-1982,Chile,,Field,Group stage,3,0,0,3,3,8,1.0,2.667,-1.667,
1982,1962-1982,Czechoslovakia,,Field,Group stage,3,0,2,1,2,4,0.667,1.333,-0.666,
1982,1962-1982,El Salvador,,Field,Group stage,3,0,0,3,1,13,0.333,4.333,-4.0,
1982,1962-1982,England,,Field,2nd group stage,5,3,2,0,6,1,1.2,0.2,1.0,
1982,1962-1982,Honduras,,Field,Group stage,3,0,2,1,2,3,0.667,1.0,-0.333,
1982,1962-1982,Hungary,,Field,Group stage,3,1,1,1,12,6,4.0,2.0,2.0,
1982,1962-1982,Kuwait,,Field,Group stage,3,0,1,2,2,6,0.667,2.0,-1.333,
1982,1962-1982,New Zealand,,Field,Group stage,3,0,0,3,2,12,0.667,4.0,-3.333,
1982,1962-1982,Northern Ireland,,Field,2nd group stage,5,1,3,1,5,7,1.0,1.4,-0.4,
1982,1962-1982,Peru,,Field,Group stage,3,0,2,1,2,6,0.667,2.0,-1.333,
1982,1962-1982,Scotland,,Field,Group stage,3,1,1,1,8,8,2.667,2.667,0.0,
1982,1962-1982,Soviet Union,,Field,2nd group stage,5,2,2,1,7,4,1.4,0.8,0.6,
1982,1962-1982,Spain,,Field,2nd group stage,5,1,2,2,4,5,0.8,1.0,-0.2,
1982,1962-1982,Yugoslavia,,Field,Group stage,3,1,1,1,2,2,0.667,0.667,0.0,
1986,1986-2002,Argentina,1.0,Champion,Final,7,6,1,0,14,5,2.0,0.714,1.286,
1986,1986-2002,West Germany,2.0,Runner-up,Final,7,4,1,2,8,7,1.143,1.0,0.143,
1986,1986-2002,France,3.0,Third,Semi-finals,7,5,1,1,12,6,1.714,0.857,0.857,
1986,1986-2002,Belgium,4.0,Field,Semi-finals,7,3,1,3,12,15,1.714,2.143,-0.429,
1986,1986-2002,Algeria,,Field,Group stage,3,0,1,2,1,5,0.333,1.667,-1.334,
1986,1986-2002,Brazil,,Field,Quarter-finals,5,4,0,1,10,1,2.0,0.2,1.8,
1986,1986-2002,Bulgaria,,Field,Round of 16,4,0,2,2,2,6,0.5,1.5,-1.0,
1986,1986-2002,Canada,,Field,Group stage,3,0,0,3,0,5,0.0,1.667,-1.667,
1986,1986-2002,Denmark,,Field,Round of 16,4,3,0,1,10,6,2.5,1.5,1.0,
1986,1986-2002,England,,Field,Quarter-finals,5,2,1,2,7,3,1.4,0.6,0.8,
1986,1986-2002,Hungary,,Field,Group stage,3,1,0,2,2,9,0.667,3.0,-2.333,
1986,1986-2002,Iraq,,Field,Group stage,3,0,0,3,1,4,0.333,1.333,-1.0,
1986,1986-2002,Italy,,Field,Round of 16,4,1,2,1,5,6,1.25,1.5,-0.25,
1986,1986-2002,Mexico,,Field,Quarter-finals,5,3,1,1,6,2,1.2,0.4,0.8,
1986,1986-2002,Morocco,,Field,Round of 16,4,1,2,1,3,2,0.75,0.5,0.25,
1986,1986-2002,Northern Ireland,,Field,Group stage,3,0,1,2,2,6,0.667,2.0,-1.333,
1986,1986-2002,Paraguay,,Field,Round of 16,4,1,2,1,4,6,1.0,1.5,-0.5,
1986,1986-2002,Poland,,Field,Round of 16,4,1,1,2,1,7,0.25,1.75,-1.5,
1986,1986-2002,Portugal,,Field,Group stage,3,1,0,2,2,4,0.667,1.333,-0.666,
1986,1986-2002,Scotland,,Field,Group stage,3,0,1,2,1,3,0.333,1.0,-0.667,
1986,1986-2002,South Korea,,Field,Group stage,3,0,1,2,4,7,1.333,2.333,-1.0,
1986,1986-2002,Soviet Union,,Field,Round of 16,4,2,1,1,12,5,3.0,1.25,1.75,
1986,1986-2002,Spain,,Field,Quarter-finals,5,3,0,2,11,4,2.2,0.8,1.4,
1986,1986-2002,Uruguay,,Field,Round of 16,4,0,2,2,2,8,0.5,2.0,-1.5,
1990,1986-2002,West Germany,1.0,Champion,Final,7,6,1,0,15,5,2.143,0.714,1.429,
1990,1986-2002,Argentina,2.0,Runner-up,Final,7,4,1,2,5,4,0.714,0.571,0.143,
1990,1986-2002,Italy,3.0,Third,Semi-finals,7,6,0,1,10,2,1.429,0.286,1.143,
1990,1986-2002,England,4.0,Field,Semi-finals,7,3,2,2,8,6,1.143,0.857,0.286,
1990,1986-2002,Austria,,Field,Group stage,3,1,0,2,2,3,0.667,1.0,-0.333,
1990,1986-2002,Belgium,,Field,Round of 16,4,2,0,2,6,4,1.5,1.0,0.5,
1990,1986-2002,Brazil,,Field,Round of 16,4,3,0,1,4,2,1.0,0.5,0.5,
1990,1986-2002,Cameroon,,Field,Quarter-finals,5,3,0,2,7,9,1.4,1.8,-0.4,
1990,1986-2002,Colombia,,Field,Round of 16,4,1,1,2,4,4,1.0,1.0,0.0,
1990,1986-2002,Costa Rica,,Field,Round of 16,4,2,0,2,4,6,1.0,1.5,-0.5,
1990,1986-2002,Czechoslovakia,,Field,Quarter-finals,5,3,0,2,10,5,2.0,1.0,1.0,
1990,1986-2002,Egypt,,Field,Group stage,3,0,2,1,1,2,0.333,0.667,-0.334,
1990,1986-2002,Netherlands,,Field,Round of 16,4,0,3,1,3,4,0.75,1.0,-0.25,
1990,1986-2002,Republic of Ireland,,Field,Quarter-finals,5,1,3,1,2,3,0.4,0.6,-0.2,
1990,1986-2002,Romania,,Field,Round of 16,4,1,1,2,4,3,1.0,0.75,0.25,
1990,1986-2002,Scotland,,Field,Group stage,3,1,0,2,2,3,0.667,1.0,-0.333,
1990,1986-2002,South Korea,,Field,Group stage,3,0,0,3,1,6,0.333,2.0,-1.667,
1990,1986-2002,Soviet Union,,Field,Group stage,3,1,0,2,4,4,1.333,1.333,0.0,
1990,1986-2002,Spain,,Field,Round of 16,4,2,1,1,6,4,1.5,1.0,0.5,
1990,1986-2002,Sweden,,Field,Group stage,3,0,0,3,3,6,1.0,2.0,-1.0,
1990,1986-2002,United Arab Emirates,,Field,Group stage,3,0,0,3,2,11,0.667,3.667,-3.0,
1990,1986-2002,United States,,Field,Group stage,3,0,0,3,2,8,0.667,2.667,-2.0,
1990,1986-2002,Uruguay,,Field,Round of 16,4,1,1,2,2,5,0.5,1.25,-0.75,
1990,1986-2002,Yugoslavia,,Field,Quarter-finals,5,3,0,2,8,6,1.6,1.2,0.4,
1994,1986-2002,Brazil,1.0,Champion,Final,7,6,1,0,11,3,1.571,0.429,1.142,"Romario up top, an iron defense behind — won on penalties."
1994,1986-2002,Italy,2.0,Runner-up,Final,7,4,1,2,8,5,1.143,0.714,0.429,
1994,1986-2002,Sweden,3.0,Third,Semi-finals,7,4,2,1,15,8,2.143,1.143,1.0,
1994,1986-2002,Bulgaria,4.0,Field,Semi-finals,7,4,0,3,10,11,1.429,1.571,-0.142,
1994,1986-2002,Argentina,,Field,Round of 16,4,2,0,2,8,6,2.0,1.5,0.5,
1994,1986-2002,Belgium,,Field,Round of 16,4,2,0,2,4,4,1.0,1.0,0.0,
1994,1986-2002,Bolivia,,Field,Group stage,3,0,1,2,1,4,0.333,1.333,-1.0,
1994,1986-2002,Cameroon,,Field,Group stage,3,0,1,2,3,11,1.0,3.667,-2.667,
1994,1986-2002,Colombia,,Field,Group stage,3,1,0,2,4,5,1.333,1.667,-0.334,
1994,1986-2002,Germany,,Field,Quarter-finals,5,3,1,1,9,7,1.8,1.4,0.4,
1994,1986-2002,Greece,,Field,Group stage,3,0,0,3,0,10,0.0,3.333,-3.333,
1994,1986-2002,Mexico,,Field,Round of 16,4,1,1,2,4,4,1.0,1.0,0.0,
1994,1986-2002,Morocco,,Field,Group stage,3,0,0,3,2,5,0.667,1.667,-1.0,
1994,1986-2002,Netherlands,,Field,Quarter-finals,5,3,0,2,8,6,1.6,1.2,0.4,
1994,1986-2002,Nigeria,,Field,Round of 16,4,2,0,2,7,4,1.75,1.0,0.75,
1994,1986-2002,Norway,,Field,Group stage,3,1,1,1,1,1,0.333,0.333,0.0,
1994,1986-2002,Republic of Ireland,,Field,Round of 16,4,1,1,2,2,4,0.5,1.0,-0.5,
1994,1986-2002,Romania,,Field,Quarter-finals,5,3,0,2,10,9,2.0,1.8,0.2,
1994,1986-2002,Russia,,Field,Group stage,3,1,0,2,7,6,2.333,2.0,0.333,
1994,1986-2002,Saudi Arabia,,Field,Round of 16,4,2,0,2,5,6,1.25,1.5,-0.25,
1994,1986-2002,South Korea,,Field,Group stage,3,0,2,1,4,5,1.333,1.667,-0.334,
1994,1986-2002,Spain,,Field,Quarter-finals,5,2,2,1,10,6,2.0,1.2,0.8,
1994,1986-2002,Switzerland,,Field,Round of 16,4,1,1,2,5,7,1.25,1.75,-0.5,
1994,1986-2002,United States,,Field,Round of 16,4,1,1,2,3,4,0.75,1.0,-0.25,
1998,1986-2002,France,1.0,Champion,Final,7,7,0,0,15,2,2.143,0.286,1.857,Hosts crowned on a back line that barely conceded.
1998,1986-2002,Brazil,2.0,Runner-up,Final,7,5,0,2,14,10,2.0,1.429,0.571,
1998,1986-2002,Croatia,3.0,Third,Semi-finals,7,5,0,2,11,5,1.571,0.714,0.857,
1998,1986-2002,Netherlands,4.0,Field,Semi-finals,7,3,2,2,13,7,1.857,1.0,0.857,
1998,1986-2002,Argentina,,Field,Quarter-finals,5,4,0,1,10,4,2.0,0.8,1.2,
1998,1986-2002,Austria,,Field,Group stage,3,0,2,1,3,4,1.0,1.333,-0.333,
1998,1986-2002,Belgium,,Field,Group stage,3,0,3,0,3,3,1.0,1.0,0.0,
1998,1986-2002,Bulgaria,,Field,Group stage,3,0,1,2,1,7,0.333,2.333,-2.0,
1998,1986-2002,Cameroon,,Field,Group stage,3,0,2,1,2,5,0.667,1.667,-1.0,
1998,1986-2002,Chile,,Field,Round of 16,4,0,3,1,5,8,1.25,2.0,-0.75,
1998,1986-2002,Colombia,,Field,Group stage,3,1,0,2,1,3,0.333,1.0,-0.667,
1998,1986-2002,Denmark,,Field,Quarter-finals,5,2,1,2,9,7,1.8,1.4,0.4,
1998,1986-2002,England,,Field,Round of 16,4,2,0,2,7,4,1.75,1.0,0.75,
1998,1986-2002,Germany,,Field,Quarter-finals,5,3,1,1,8,6,1.6,1.2,0.4,
1998,1986-2002,Iran,,Field,Group stage,3,1,0,2,2,4,0.667,1.333,-0.666,
1998,1986-2002,Italy,,Field,Quarter-finals,5,3,1,1,8,3,1.6,0.6,1.0,
1998,1986-2002,Jamaica,,Field,Group stage,3,1,0,2,3,9,1.0,3.0,-2.0,
1998,1986-2002,Japan,,Field,Group stage,3,0,0,3,1,4,0.333,1.333,-1.0,
1998,1986-2002,Mexico,,Field,Round of 16,4,1,2,1,8,7,2.0,1.75,0.25,
1998,1986-2002,Morocco,,Field,Group stage,3,1,1,1,5,5,1.667,1.667,0.0,
1998,1986-2002,Nigeria,,Field,Round of 16,4,2,0,2,6,9,1.5,2.25,-0.75,
1998,1986-2002,Norway,,Field,Round of 16,4,1,2,1,5,5,1.25,1.25,0.0,
1998,1986-2002,Paraguay,,Field,Round of 16,4,1,2,1,3,2,0.75,0.5,0.25,
1998,1986-2002,Romania,,Field,Round of 16,4,2,1,1,4,3,1.0,0.75,0.25,
1998,1986-2002,Saudi Arabia,,Field,Group stage,3,0,1,2,2,7,0.667,2.333,-1.666,
1998,1986-2002,Scotland,,Field,Group stage,3,0,1,2,2,6,0.667,2.0,-1.333,
1998,1986-2002,South Africa,,Field,Group stage,3,0,2,1,3,6,1.0,2.0,-1.0,
1998,1986-2002,South Korea,,Field,Group stage,3,0,1,2,2,9,0.667,3.0,-2.333,
1998,1986-2002,Spain,,Field,Group stage,3,1,1,1,8,4,2.667,1.333,1.334,
1998,1986-2002,Tunisia,,Field,Group stage,3,0,1,2,1,4,0.333,1.333,-1.0,
1998,1986-2002,United States,,Field,Group stage,3,0,0,3,1,5,0.333,1.667,-1.334,
1998,1986-2002,Yugoslavia,,Field,Round of 16,4,2,1,1,5,4,1.25,1.0,0.25,
2002,1986-2002,Brazil,1.0,Champion,Final,7,7,0,0,18,4,2.571,0.571,2.0,
2002,1986-2002,Germany,2.0,Runner-up,Final,7,5,1,1,14,3,2.0,0.429,1.571,
2002,1986-2002,Turkey,3.0,Third,Semi-finals,7,4,1,2,10,6,1.429,0.857,0.572,
2002,1986-2002,South Korea,4.0,Field,Semi-finals,7,4,1,2,8,6,1.143,0.857,0.286,
2002,1986-2002,Argentina,,Field,Group stage,3,1,1,1,2,2,0.667,0.667,0.0,
2002,1986-2002,Belgium,,Field,Round of 16,4,1,2,1,6,7,1.5,1.75,-0.25,
2002,1986-2002,Cameroon,,Field,Group stage,3,1,1,1,2,3,0.667,1.0,-0.333,
2002,1986-2002,China,,Field,Group stage,3,0,0,3,0,9,0.0,3.0,-3.0,
2002,1986-2002,Costa Rica,,Field,Group stage,3,1,1,1,5,6,1.667,2.0,-0.333,
2002,1986-2002,Croatia,,Field,Group stage,3,1,0,2,2,3,0.667,1.0,-0.333,
2002,1986-2002,Denmark,,Field,Round of 16,4,2,1,1,5,5,1.25,1.25,0.0,
2002,1986-2002,Ecuador,,Field,Group stage,3,1,0,2,2,4,0.667,1.333,-0.666,
2002,1986-2002,England,,Field,Quarter-finals,5,2,2,1,6,3,1.2,0.6,0.6,
2002,1986-2002,France,,Field,Group stage,3,0,1,2,0,3,0.0,1.0,-1.0,
2002,1986-2002,Italy,,Field,Round of 16,4,1,1,2,5,5,1.25,1.25,0.0,
2002,1986-2002,Japan,,Field,Round of 16,4,2,1,1,5,3,1.25,0.75,0.5,
2002,1986-2002,Mexico,,Field,Round of 16,4,2,1,1,4,4,1.0,1.0,0.0,
2002,1986-2002,Nigeria,,Field,Group stage,3,0,1,2,1,3,0.333,1.0,-0.667,
2002,1986-2002,Paraguay,,Field,Round of 16,4,1,1,2,6,7,1.5,1.75,-0.25,
2002,1986-2002,Poland,,Field,Group stage,3,1,0,2,3,7,1.0,2.333,-1.333,
2002,1986-2002,Portugal,,Field,Group stage,3,1,0,2,6,4,2.0,1.333,0.667,
2002,1986-2002,Republic of Ireland,,Field,Round of 16,4,1,2,1,6,3,1.5,0.75,0.75,
2002,1986-2002,Russia,,Field,Group stage,3,1,0,2,4,4,1.333,1.333,0.0,
2002,1986-2002,Saudi Arabia,,Field,Group stage,3,0,0,3,0,12,0.0,4.0,-4.0,
2002,1986-2002,Senegal,,Field,Quarter-finals,5,2,2,1,7,6,1.4,1.2,0.2,
2002,1986-2002,Slovenia,,Field,Group stage,3,0,0,3,2,7,0.667,2.333,-1.666,
2002,1986-2002,South Africa,,Field,Group stage,3,1,1,1,5,5,1.667,1.667,0.0,
2002,1986-2002,Spain,,Field,Quarter-finals,5,4,0,1,10,5,2.0,1.0,1.0,
2002,1986-2002,Sweden,,Field,Round of 16,4,1,2,1,5,5,1.25,1.25,0.0,
2002,1986-2002,Tunisia,,Field,Group stage,3,0,1,2,1,5,0.333,1.667,-1.334,
2002,1986-2002,United States,,Field,Quarter-finals,5,2,1,2,7,7,1.4,1.4,0.0,
2002,1986-2002,Uruguay,,Field,Group stage,3,0,2,1,4,5,1.333,1.667,-0.334,
2006,2006-2022,Italy,1.0,Champion,Final,7,6,1,0,12,2,1.714,0.286,1.428,A title built on the meanest defense in the tournament.
2006,2006-2022,France,2.0,Runner-up,Final,7,4,2,1,9,3,1.286,0.429,0.857,
2006,2006-2022,Germany,3.0,Third,Semi-finals,7,6,0,1,14,6,2.0,0.857,1.143,
2006,2006-2022,Portugal,4.0,Field,Semi-finals,7,5,0,2,7,5,1.0,0.714,0.286,
2006,2006-2022,Angola,,Field,Group stage,3,0,2,1,1,2,0.333,0.667,-0.334,
2006,2006-2022,Argentina,,Field,Quarter-finals,5,3,1,1,11,3,2.2,0.6,1.6,
2006,2006-2022,Australia,,Field,Round of 16,4,1,1,2,5,6,1.25,1.5,-0.25,
2006,2006-2022,Brazil,,Field,Quarter-finals,5,4,0,1,10,2,2.0,0.4,1.6,
2006,2006-2022,Costa Rica,,Field,Group stage,3,0,0,3,3,9,1.0,3.0,-2.0,
2006,2006-2022,Croatia,,Field,Group stage,3,0,2,1,2,3,0.667,1.0,-0.333,
2006,2006-2022,Czech Republic,,Field,Group stage,3,1,0,2,3,4,1.0,1.333,-0.333,
2006,2006-2022,Ecuador,,Field,Round of 16,4,2,0,2,5,4,1.25,1.0,0.25,
2006,2006-2022,England,,Field,Quarter-finals,5,3,1,1,6,2,1.2,0.4,0.8,
2006,2006-2022,Ghana,,Field,Round of 16,4,2,0,2,4,6,1.0,1.5,-0.5,
2006,2006-2022,Iran,,Field,Group stage,3,0,1,2,2,6,0.667,2.0,-1.333,
2006,2006-2022,Ivory Coast,,Field,Group stage,3,1,0,2,5,6,1.667,2.0,-0.333,
2006,2006-2022,Japan,,Field,Group stage,3,0,1,2,2,7,0.667,2.333,-1.666,
2006,2006-2022,Mexico,,Field,Round of 16,4,1,1,2,5,5,1.25,1.25,0.0,
2006,2006-2022,Netherlands,,Field,Round of 16,4,2,1,1,3,2,0.75,0.5,0.25,
2006,2006-2022,Paraguay,,Field,Group stage,3,1,0,2,2,2,0.667,0.667,0.0,
2006,2006-2022,Poland,,Field,Group stage,3,1,0,2,2,4,0.667,1.333,-0.666,
2006,2006-2022,Saudi Arabia,,Field,Group stage,3,0,1,2,2,7,0.667,2.333,-1.666,
2006,2006-2022,Serbia and Montenegro,,Field,Group stage,3,0,0,3,2,10,0.667,3.333,-2.666,
2006,2006-2022,South Korea,,Field,Group stage,3,1,1,1,3,4,1.0,1.333,-0.333,
2006,2006-2022,Spain,,Field,Round of 16,4,3,0,1,9,4,2.25,1.0,1.25,
2006,2006-2022,Sweden,,Field,Round of 16,4,1,2,1,3,4,0.75,1.0,-0.25,
2006,2006-2022,Switzerland,,Field,Round of 16,4,2,1,1,4,0,1.0,0.0,1.0,
2006,2006-2022,Togo,,Field,Group stage,3,0,0,3,1,6,0.333,2.0,-1.667,
2006,2006-2022,Trinidad and Tobago,,Field,Group stage,3,0,1,2,0,4,0.0,1.333,-1.333,
2006,2006-2022,Tunisia,,Field,Group stage,3,0,1,2,3,6,1.0,2.0,-1.0,
2006,2006-2022,Ukraine,,Field,Quarter-finals,5,3,0,2,5,7,1.0,1.4,-0.4,
2006,2006-2022,United States,,Field,Group stage,3,0,1,2,2,6,0.667,2.0,-1.333,
2010,2006-2022,Spain,1.0,Champion,Final,7,6,0,1,8,2,1.143,0.286,0.857,Tiki-taka: won the title conceding just 2 goals in 7 games.
2010,2006-2022,Netherlands,2.0,Runner-up,Final,7,6,0,1,12,6,1.714,0.857,0.857,
2010,2006-2022,Germany,3.0,Third,Semi-finals,7,5,0,2,16,5,2.286,0.714,1.572,
2010,2006-2022,Uruguay,4.0,Field,Semi-finals,7,4,1,2,11,8,1.571,1.143,0.428,
2010,2006-2022,Algeria,,Field,Group stage,3,0,1,2,0,2,0.0,0.667,-0.667,
2010,2006-2022,Argentina,,Field,Quarter-finals,5,4,0,1,10,6,2.0,1.2,0.8,
2010,2006-2022,Australia,,Field,Group stage,3,1,1,1,3,6,1.0,2.0,-1.0,
2010,2006-2022,Brazil,,Field,Quarter-finals,5,3,1,1,9,4,1.8,0.8,1.0,
2010,2006-2022,Cameroon,,Field,Group stage,3,0,0,3,2,5,0.667,1.667,-1.0,
2010,2006-2022,Chile,,Field,Round of 16,4,2,0,2,3,5,0.75,1.25,-0.5,
2010,2006-2022,Denmark,,Field,Group stage,3,1,0,2,3,6,1.0,2.0,-1.0,
2010,2006-2022,England,,Field,Round of 16,4,1,2,1,3,5,0.75,1.25,-0.5,
2010,2006-2022,France,,Field,Group stage,3,0,1,2,1,4,0.333,1.333,-1.0,
2010,2006-2022,Ghana,,Field,Quarter-finals,5,2,1,2,5,4,1.0,0.8,0.2,
2010,2006-2022,Greece,,Field,Group stage,3,1,0,2,2,5,0.667,1.667,-1.0,
2010,2006-2022,Honduras,,Field,Group stage,3,0,1,2,0,3,0.0,1.0,-1.0,
2010,2006-2022,Italy,,Field,Group stage,3,0,2,1,4,5,1.333,1.667,-0.334,
2010,2006-2022,Ivory Coast,,Field,Group stage,3,1,1,1,4,3,1.333,1.0,0.333,
2010,2006-2022,Japan,,Field,Round of 16,4,2,0,2,4,2,1.0,0.5,0.5,
2010,2006-2022,Mexico,,Field,Round of 16,4,1,1,2,4,5,1.0,1.25,-0.25,
2010,2006-2022,New Zealand,,Field,Group stage,3,0,3,0,2,2,0.667,0.667,0.0,
2010,2006-2022,Nigeria,,Field,Group stage,3,0,1,2,3,5,1.0,1.667,-0.667,
2010,2006-2022,North Korea,,Field,Group stage,3,0,0,3,1,12,0.333,4.0,-3.667,
2010,2006-2022,Paraguay,,Field,Quarter-finals,5,2,2,1,3,2,0.6,0.4,0.2,
2010,2006-2022,Portugal,,Field,Round of 16,4,1,2,1,7,1,1.75,0.25,1.5,
2010,2006-2022,Serbia,,Field,Group stage,3,1,0,2,2,3,0.667,1.0,-0.333,
2010,2006-2022,Slovakia,,Field,Round of 16,4,1,1,2,5,7,1.25,1.75,-0.5,
2010,2006-2022,Slovenia,,Field,Group stage,3,1,1,1,3,3,1.0,1.0,0.0,
2010,2006-2022,South Africa,,Field,Group stage,3,1,1,1,3,5,1.0,1.667,-0.667,
2010,2006-2022,South Korea,,Field,Round of 16,4,1,1,2,6,8,1.5,2.0,-0.5,
2010,2006-2022,Switzerland,,Field,Group stage,3,1,1,1,1,1,0.333,0.333,0.0,
2010,2006-2022,United States,,Field,Round of 16,4,1,2,1,5,5,1.25,1.25,0.0,
2014,2006-2022,Germany,1.0,Champion,Final,7,6,1,0,18,4,2.571,0.571,2.0,
2014,2006-2022,Argentina,2.0,Runner-up,Final,7,6,0,1,8,4,1.143,0.571,0.572,
2014,2006-2022,Netherlands,3.0,Third,Semi-finals,7,6,0,1,15,4,2.143,0.571,1.572,
2014,2006-2022,Brazil,4.0,Field,Semi-finals,7,4,1,2,11,14,1.571,2.0,-0.429,
2014,2006-2022,Algeria,,Field,Round of 16,4,1,1,2,7,7,1.75,1.75,0.0,
2014,2006-2022,Australia,,Field,Group stage,3,0,0,3,3,9,1.0,3.0,-2.0,
2014,2006-2022,Belgium,,Field,Quarter-finals,5,4,0,1,6,3,1.2,0.6,0.6,
2014,2006-2022,Bosnia and Herzegovina,,Field,Group stage,3,1,0,2,4,4,1.333,1.333,0.0,
2014,2006-2022,Cameroon,,Field,Group stage,3,0,0,3,1,9,0.333,3.0,-2.667,
2014,2006-2022,Chile,,Field,Round of 16,4,2,0,2,6,4,1.5,1.0,0.5,
2014,2006-2022,Colombia,,Field,Quarter-finals,5,4,0,1,12,4,2.4,0.8,1.6,
2014,2006-2022,Costa Rica,,Field,Quarter-finals,5,3,1,1,5,2,1.0,0.4,0.6,
2014,2006-2022,Croatia,,Field,Group stage,3,1,0,2,6,6,2.0,2.0,0.0,
2014,2006-2022,Ecuador,,Field,Group stage,3,1,1,1,3,3,1.0,1.0,0.0,
2014,2006-2022,England,,Field,Group stage,3,0,1,2,2,4,0.667,1.333,-0.666,
2014,2006-2022,France,,Field,Quarter-finals,5,3,1,1,10,3,2.0,0.6,1.4,
2014,2006-2022,Ghana,,Field,Group stage,3,0,1,2,4,6,1.333,2.0,-0.667,
2014,2006-2022,Greece,,Field,Round of 16,4,1,1,2,3,5,0.75,1.25,-0.5,
2014,2006-2022,Honduras,,Field,Group stage,3,0,0,3,1,8,0.333,2.667,-2.334,
2014,2006-2022,Iran,,Field,Group stage,3,0,1,2,1,4,0.333,1.333,-1.0,
2014,2006-2022,Italy,,Field,Group stage,3,1,0,2,2,3,0.667,1.0,-0.333,
2014,2006-2022,Ivory Coast,,Field,Group stage,3,1,0,2,4,5,1.333,1.667,-0.334,
2014,2006-2022,Japan,,Field,Group stage,3,0,1,2,2,6,0.667,2.0,-1.333,
2014,2006-2022,Mexico,,Field,Round of 16,4,2,1,1,5,3,1.25,0.75,0.5,
2014,2006-2022,Nigeria,,Field,Round of 16,4,1,1,2,3,5,0.75,1.25,-0.5,
2014,2006-2022,Portugal,,Field,Group stage,3,1,1,1,4,7,1.333,2.333,-1.0,
2014,2006-2022,Russia,,Field,Group stage,3,0,2,1,2,3,0.667,1.0,-0.333,
2014,2006-2022,South Korea,,Field,Group stage,3,0,1,2,3,6,1.0,2.0,-1.0,
2014,2006-2022,Spain,,Field,Group stage,3,1,0,2,4,7,1.333,2.333,-1.0,
2014,2006-2022,Switzerland,,Field,Round of 16,4,2,0,2,7,7,1.75,1.75,0.0,
2014,2006-2022,United States,,Field,Round of 16,4,1,1,2,5,6,1.25,1.5,-0.25,
2014,2006-2022,Uruguay,,Field,Round of 16,4,2,0,2,4,6,1.0,1.5,-0.5,
2018,2006-2022,France,1.0,Champion,Final,7,6,1,0,14,6,2.0,0.857,1.143,
2018,2006-2022,Croatia,2.0,Runner-up,Final,7,6,0,1,14,9,2.0,1.286,0.714,
2018,2006-2022,Belgium,3.0,Third,Semi-finals,7,6,0,1,16,6,2.286,0.857,1.429,
2018,2006-2022,England,4.0,Field,Semi-finals,7,4,0,3,12,8,1.714,1.143,0.571,
2018,2006-2022,Argentina,,Field,Round of 16,4,1,1,2,6,9,1.5,2.25,-0.75,
2018,2006-2022,Australia,,Field,Group stage,3,0,1,2,2,5,0.667,1.667,-1.0,
2018,2006-2022,Brazil,,Field,Quarter-finals,5,3,1,1,8,3,1.6,0.6,1.0,
2018,2006-2022,Colombia,,Field,Round of 16,4,2,0,2,6,3,1.5,0.75,0.75,
2018,2006-2022,Costa Rica,,Field,Group stage,3,0,1,2,2,5,0.667,1.667,-1.0,
2018,2006-2022,Denmark,,Field,Round of 16,4,1,2,1,3,2,0.75,0.5,0.25,
2018,2006-2022,Egypt,,Field,Group stage,3,0,0,3,2,6,0.667,2.0,-1.333,
2018,2006-2022,Germany,,Field,Group stage,3,1,0,2,2,4,0.667,1.333,-0.666,
2018,2006-2022,Iceland,,Field,Group stage,3,0,1,2,2,5,0.667,1.667,-1.0,
2018,2006-2022,Iran,,Field,Group stage,3,1,1,1,2,2,0.667,0.667,0.0,
2018,2006-2022,Japan,,Field,Round of 16,4,1,1,2,6,7,1.5,1.75,-0.25,
2018,2006-2022,Mexico,,Field,Round of 16,4,2,0,2,3,6,0.75,1.5,-0.75,
2018,2006-2022,Morocco,,Field,Group stage,3,0,1,2,2,4,0.667,1.333,-0.666,
2018,2006-2022,Nigeria,,Field,Group stage,3,1,0,2,3,4,1.0,1.333,-0.333,
2018,2006-2022,Panama,,Field,Group stage,3,0,0,3,2,11,0.667,3.667,-3.0,
2018,2006-2022,Peru,,Field,Group stage,3,1,0,2,2,2,0.667,0.667,0.0,
2018,2006-2022,Poland,,Field,Group stage,3,1,0,2,2,5,0.667,1.667,-1.0,
2018,2006-2022,Portugal,,Field,Round of 16,4,1,2,1,6,6,1.5,1.5,0.0,
2018,2006-2022,Russia,,Field,Quarter-finals,5,3,0,2,11,7,2.2,1.4,0.8,
2018,2006-2022,Saudi Arabia,,Field,Group stage,3,1,0,2,2,7,0.667,2.333,-1.666,
2018,2006-2022,Senegal,,Field,Group stage,3,1,1,1,4,4,1.333,1.333,0.0,
2018,2006-2022,Serbia,,Field,Group stage,3,1,0,2,2,4,0.667,1.333,-0.666,
2018,2006-2022,South Korea,,Field,Group stage,3,1,0,2,3,3,1.0,1.0,0.0,
2018,2006-2022,Spain,,Field,Round of 16,4,1,2,1,7,6,1.75,1.5,0.25,
2018,2006-2022,Sweden,,Field,Quarter-finals,5,3,0,2,6,4,1.2,0.8,0.4,
2018,2006-2022,Switzerland,,Field,Round of 16,4,1,2,1,5,5,1.25,1.25,0.0,
2018,2006-2022,Tunisia,,Field,Group stage,3,1,0,2,5,8,1.667,2.667,-1.0,
2018,2006-2022,Uruguay,,Field,Quarter-finals,5,4,0,1,7,3,1.4,0.6,0.8,
2022,2006-2022,Argentina,1.0,Champion,Final,7,6,0,1,15,8,2.143,1.143,1.0,
2022,2006-2022,France,2.0,Runner-up,Final,7,5,0,2,16,8,2.286,1.143,1.143,
2022,2006-2022,Croatia,3.0,Third,Semi-finals,7,4,2,1,8,7,1.143,1.0,0.143,
2022,2006-2022,Morocco,4.0,Field,Semi-finals,7,4,1,2,6,5,0.857,0.714,0.143,
2022,2006-2022,Australia,,Field,Round of 16,4,2,0,2,4,6,1.0,1.5,-0.5,
2022,2006-2022,Belgium,,Field,Group stage,3,1,1,1,1,2,0.333,0.667,-0.334,
2022,2006-2022,Brazil,,Field,Quarter-finals,5,3,0,2,8,3,1.6,0.6,1.0,
2022,2006-2022,Cameroon,,Field,Group stage,3,1,1,1,4,4,1.333,1.333,0.0,
2022,2006-2022,Canada,,Field,Group stage,3,0,0,3,2,7,0.667,2.333,-1.666,
2022,2006-2022,Costa Rica,,Field,Group stage,3,1,0,2,3,11,1.0,3.667,-2.667,
2022,2006-2022,Denmark,,Field,Group stage,3,0,1,2,1,3,0.333,1.0,-0.667,
2022,2006-2022,Ecuador,,Field,Group stage,3,1,1,1,4,3,1.333,1.0,0.333,
2022,2006-2022,England,,Field,Quarter-finals,5,3,1,1,13,4,2.6,0.8,1.8,
2022,2006-2022,Germany,,Field,Group stage,3,1,1,1,6,5,2.0,1.667,0.333,
2022,2006-2022,Ghana,,Field,Group stage,3,1,0,2,5,7,1.667,2.333,-0.666,
2022,2006-2022,Iran,,Field,Group stage,3,1,0,2,4,7,1.333,2.333,-1.0,
2022,2006-2022,Japan,,Field,Round of 16,4,2,0,2,5,4,1.25,1.0,0.25,
2022,2006-2022,Mexico,,Field,Group stage,3,1,1,1,2,3,0.667,1.0,-0.333,
2022,2006-2022,Netherlands,,Field,Quarter-finals,5,3,1,1,10,4,2.0,0.8,1.2,
2022,2006-2022,Poland,,Field,Round of 16,4,1,1,2,3,5,0.75,1.25,-0.5,
2022,2006-2022,Portugal,,Field,Quarter-finals,5,3,0,2,12,6,2.4,1.2,1.2,
2022,2006-2022,Qatar,,Field,Group stage,3,0,0,3,1,7,0.333,2.333,-2.0,
2022,2006-2022,Saudi Arabia,,Field,Group stage,3,1,0,2,3,5,1.0,1.667,-0.667,
2022,2006-2022,Senegal,,Field,Round of 16,4,2,0,2,5,7,1.25,1.75,-0.5,
2022,2006-2022,Serbia,,Field,Group stage,3,0,1,2,5,8,1.667,2.667,-1.0,
2022,2006-2022,South Korea,,Field,Round of 16,4,1,1,2,5,8,1.25,2.0,-0.75,
2022,2006-2022,Spain,,Field,Round of 16,4,1,1,2,9,3,2.25,0.75,1.5,
2022,2006-2022,Switzerland,,Field,Round of 16,4,2,0,2,5,9,1.25,2.25,-1.0,
2022,2006-2022,Tunisia,,Field,Group stage,3,1,1,1,1,1,0.333,0.333,0.0,
2022,2006-2022,United States,,Field,Round of 16,4,1,2,1,3,4,0.75,1.0,-0.25,
2022,2006-2022,Uruguay,,Field,Group stage,3,1,1,1,2,2,0.667,0.667,0.0,
2022,2006-2022,Wales,,Field,Group stage,3,0,1,2,1,6,0.333,2.0,-1.667,
